,number_of_landmarks,approximation_error
0,40,0.4176253786578169
1,60,0.41577885042403995
2,80,0.41085447235888173
3,100,0.4259376225020682
4,120,0.410771324021521
