,number_of_landmarks,approximation_error
0,40,0.43272807071669295
1,60,0.4357067042606516
2,80,0.42668197626762644
3,100,0.4268325247043978
4,120,0.42374335446974765
