,number_of_landmarks,approximation_error
0,40,0.4582133333333333
1,60,0.46006301587301585
2,80,0.4577803174603174
3,100,0.4550461904761905
4,120,0.44560126984126985
