,number_of_landmarks,approximation_error
0,40,0.37452398601398607
1,60,0.3716661743811744
2,80,0.36516599234099234
3,100,0.36792824175824174
4,120,0.3644238905538905
